id,source,label,jev_pred,jev_p_small,jev_p_strong,jev_p_code,jev_conf,jev_ms,jev_policy,llm_pred,llm_ms,embed_pred,embed_ms
mmlu/professional_law:5ed698a8,mmlu/professional_law,strong,strong,0.42,0.58,0.0,0.37,280.6,strong,small,1423.1,strong,661.7
mbpp:66,mbpp,code,code,0.02,0.0,0.98,0.96,294.7,code,code,1377.7,code,485.9
dolly/open_qa:e07caa97,dolly/open_qa,small,small,1.0,0.0,0.0,1.0,385.2,small,small,1917.2,code,483.9
gsm8k:11128b88,gsm8k,strong,small,0.68,0.32,0.0,0.52,291.2,strong,small,1539.9,strong,528.0
gsm8k:7feb8f87,gsm8k,strong,strong,0.46,0.54,0.0,0.31,281.2,strong,strong,1916.2,small,577.0
humaneval:HumanEval/135,humaneval,code,code,0.01,0.0,0.99,0.99,310.6,code,code,1687.2,strong,732.4
humaneval:HumanEval/58,humaneval,code,code,0.01,0.0,0.99,0.99,285.2,code,code,1298.4,strong,718.1
dolly/open_qa:35824311,dolly/open_qa,small,small,1.0,0.0,0.0,1.0,285.9,small,small,2416.9,strong,786.3
mmlu/abstract_algebra:2094efa3,mmlu/abstract_algebra,strong,small,0.62,0.38,0.0,0.42,280.1,strong,small,1267.9,strong,642.7
gsm8k:a1e97907,gsm8k,strong,small,0.56,0.44,0.0,0.33,281.0,strong,small,1502.0,code,426.3
mbpp:257,mbpp,code,code,0.01,0.0,0.99,0.98,282.1,code,code,1304.3,code,637.7
gsm8k:eb5fcd08,gsm8k,strong,strong,0.37,0.63,0.0,0.44,284.6,strong,strong,1547.8,small,665.2
dolly/classification:4300dbbd,dolly/classification,small,small,1.0,0.0,0.0,1.0,295.0,small,small,1469.1,small,573.1
dolly/creative_writing:00594496,dolly/creative_writing,small,small,1.0,0.0,0.0,1.0,265.7,small,small,1412.3,small,568.4
dolly/open_qa:6c782197,dolly/open_qa,small,small,1.0,0.0,0.0,1.0,312.0,small,small,1324.4,small,408.4
gsm8k:e927f88c,gsm8k,strong,small,0.75,0.25,0.0,0.63,274.3,small,small,1431.2,strong,397.3
humaneval:HumanEval/151,humaneval,code,code,0.01,0.0,0.99,0.99,306.4,code,code,1483.0,strong,539.5
dolly/summarization:afa714c5,dolly/summarization,small,small,1.0,0.0,0.0,1.0,275.5,small,small,1902.2,code,555.9
dolly/brainstorming:28ba4aa6,dolly/brainstorming,small,small,1.0,0.0,0.0,1.0,265.5,small,small,1650.0,strong,512.8
mmlu/abstract_algebra:4e36fa40,mmlu/abstract_algebra,strong,small,0.62,0.38,0.0,0.43,257.1,strong,small,1702.9,strong,387.0
dolly/brainstorming:b9279778,dolly/brainstorming,small,strong,0.49,0.51,0.0,0.26,266.7,strong,small,1366.3,strong,492.1
humaneval:HumanEval/155,humaneval,code,code,0.01,0.0,0.99,0.99,290.3,code,code,1278.0,code,731.0
mbpp:238,mbpp,code,code,0.01,0.0,0.99,0.99,264.9,code,code,1613.9,small,431.8
dolly/summarization:5101a822,dolly/summarization,small,small,1.0,0.0,0.0,1.0,262.8,small,small,1715.8,small,424.7
mbpp:99,mbpp,code,code,0.0,0.0,1.0,0.99,388.6,code,code,1791.9,code,582.0
mmlu/formal_logic:efdb9587,mmlu/formal_logic,strong,strong,0.46,0.54,0.0,0.31,283.7,strong,strong,4021.1,strong,737.2
humaneval:HumanEval/134,humaneval,code,code,0.01,0.0,0.99,0.99,293.0,code,code,1653.8,code,631.5
humaneval:HumanEval/97,humaneval,code,code,0.02,0.0,0.98,0.97,290.0,code,code,1327.1,strong,713.1
mmlu/college_mathematics:7744daee,mmlu/college_mathematics,strong,strong,0.05,0.95,0.0,0.93,251.0,strong,strong,1660.2,code,420.0
humaneval:HumanEval/63,humaneval,code,code,0.0,0.0,1.0,1.0,268.8,code,code,1261.3,small,427.1
mbpp:227,mbpp,code,code,0.02,0.0,0.98,0.97,301.9,code,code,1193.0,code,527.2
mmlu/professional_law:cafe7ff8,mmlu/professional_law,strong,strong,0.03,0.97,0.0,0.95,267.9,strong,strong,1801.7,strong,644.7
gsm8k:e73d9d6c,gsm8k,strong,strong,0.24,0.76,0.0,0.64,254.6,strong,strong,1386.1,small,424.9
mmlu/college_mathematics:6988c3e1,mmlu/college_mathematics,strong,small,0.68,0.32,0.0,0.53,274.5,strong,small,1616.4,strong,415.0
humaneval:HumanEval/64,humaneval,code,code,0.0,0.0,1.0,0.99,281.7,code,code,1577.1,code,435.6
mmlu/professional_law:22e29154,mmlu/professional_law,strong,strong,0.08,0.92,0.0,0.87,268.0,strong,strong,1604.0,code,509.8
mmlu/college_mathematics:fc4ba757,mmlu/college_mathematics,strong,small,0.65,0.35,0.0,0.47,283.4,strong,small,1301.3,strong,490.7
dolly/open_qa:02feb48b,dolly/open_qa,small,small,1.0,0.0,0.0,1.0,295.1,small,small,1146.1,strong,513.9
gsm8k:23940556,gsm8k,strong,strong,0.3,0.7,0.0,0.55,287.4,strong,strong,1284.5,strong,446.1
dolly/summarization:470d2444,dolly/summarization,small,small,0.99,0.01,0.0,0.98,282.5,small,small,2140.3,strong,468.3
mmlu/formal_logic:344c0afa,mmlu/formal_logic,strong,strong,0.15,0.85,0.0,0.77,269.8,strong,small,2094.6,strong,262.9
gsm8k:92032ea7,gsm8k,strong,strong,0.45,0.55,0.0,0.33,297.2,strong,small,2757.7,code,391.3
mmlu/formal_logic:c3a4924e,mmlu/formal_logic,strong,strong,0.34,0.66,0.0,0.49,267.4,strong,small,1880.8,strong,543.0
gsm8k:816b4455,gsm8k,strong,strong,0.15,0.85,0.0,0.77,246.3,strong,strong,1668.0,strong,446.2
dolly/classification:493f18d2,dolly/classification,small,small,1.0,0.0,0.0,1.0,264.4,small,small,1169.3,strong,431.7
dolly/general_qa:fbd615ac,dolly/general_qa,small,small,0.78,0.22,0.0,0.67,257.0,small,small,1647.2,strong,700.7
mmlu/college_mathematics:f17bfec9,mmlu/college_mathematics,strong,small,0.63,0.37,0.0,0.44,320.3,strong,small,1980.1,strong,411.1
dolly/open_qa:844371b7,dolly/open_qa,small,small,1.0,0.0,0.0,1.0,257.0,small,small,2051.6,code,425.9
humaneval:HumanEval/156,humaneval,code,code,0.0,0.0,1.0,0.99,275.6,code,code,1752.2,small,418.5
humaneval:HumanEval/121,humaneval,code,code,0.01,0.0,0.99,0.98,290.0,code,code,1315.1,strong,397.4
mmlu/formal_logic:39a65528,mmlu/formal_logic,strong,small,0.99,0.01,0.0,0.99,288.6,small,small,1286.3,strong,486.4
mbpp:284,mbpp,code,code,0.01,0.0,0.99,0.99,274.0,code,code,1137.7,code,359.3
humaneval:HumanEval/29,humaneval,code,code,0.01,0.0,0.99,0.98,278.2,code,code,1520.7,code,322.1
mmlu/abstract_algebra:eea0a4cd,mmlu/abstract_algebra,strong,strong,0.25,0.75,0.0,0.62,260.1,strong,strong,1774.2,strong,598.3
mbpp:94,mbpp,code,code,0.0,0.0,1.0,0.99,249.8,code,code,1494.6,small,186.7
humaneval:HumanEval/160,humaneval,code,code,0.0,0.0,1.0,0.99,284.3,code,code,1550.1,strong,494.2
mmlu/college_mathematics:45dbd181,mmlu/college_mathematics,strong,strong,0.46,0.54,0.0,0.31,276.7,strong,small,1604.0,strong,462.9
mbpp:392,mbpp,code,code,0.0,0.0,1.0,1.0,326.0,code,code,1221.7,code,574.2
mmlu/college_mathematics:c45d094c,mmlu/college_mathematics,strong,small,0.51,0.49,0.0,0.26,282.9,strong,strong,1656.2,strong,495.5
dolly/classification:6be9d9c2,dolly/classification,small,small,1.0,0.0,0.0,1.0,283.1,small,small,1304.7,code,639.0
gsm8k:2687345f,gsm8k,strong,strong,0.3,0.7,0.0,0.54,251.8,strong,strong,1299.7,strong,404.3
gsm8k:4539f070,gsm8k,strong,strong,0.42,0.58,0.0,0.36,277.7,strong,small,1969.1,code,428.0
gsm8k:c03c6e45,gsm8k,strong,small,0.5,0.5,0.0,0.25,280.2,strong,small,1366.9,strong,437.0
humaneval:HumanEval/78,humaneval,code,code,0.0,0.0,1.0,0.99,285.2,code,code,1547.5,code,625.2
gsm8k:1c7c4606,gsm8k,strong,strong,0.21,0.79,0.0,0.69,278.0,strong,strong,1477.6,small,434.1
humaneval:HumanEval/88,humaneval,code,code,0.01,0.0,0.99,0.99,261.1,code,code,1378.0,strong,512.8
dolly/brainstorming:898e4f75,dolly/brainstorming,small,small,0.92,0.08,0.0,0.87,280.8,small,small,1123.4,strong,584.0
dolly/general_qa:c7255ee2,dolly/general_qa,small,small,1.0,0.0,0.0,1.0,272.7,small,small,1278.9,strong,363.6
humaneval:HumanEval/129,humaneval,code,code,0.0,0.01,0.99,0.98,332.5,code,code,1350.3,small,417.5
mbpp:126,mbpp,code,code,0.0,0.0,1.0,1.0,297.8,code,code,1509.6,code,386.3
dolly/open_qa:9062ba6d,dolly/open_qa,small,small,1.0,0.0,0.0,1.0,283.8,small,small,1646.9,code,441.8
humaneval:HumanEval/83,humaneval,code,code,0.01,0.0,0.99,0.99,275.8,code,code,1809.5,code,345.2
gsm8k:8baa8980,gsm8k,strong,strong,0.14,0.86,0.0,0.79,361.2,strong,strong,1243.7,strong,609.2
mbpp:391,mbpp,code,code,0.0,0.0,1.0,1.0,291.4,code,code,1710.2,small,430.4
mbpp:83,mbpp,code,code,0.01,0.0,0.99,0.99,307.6,code,code,1596.0,code,393.2
gsm8k:11d38dc6,gsm8k,strong,strong,0.21,0.79,0.0,0.69,269.7,strong,small,1990.4,strong,514.4
mmlu/professional_law:cbe6ce5c,mmlu/professional_law,strong,strong,0.04,0.96,0.0,0.93,312.9,strong,strong,1225.5,strong,372.7
gsm8k:c692fde8,gsm8k,strong,strong,0.39,0.61,0.0,0.41,268.6,strong,strong,1539.1,strong,431.8
humaneval:HumanEval/107,humaneval,code,code,0.0,0.0,1.0,1.0,270.2,code,code,1326.9,strong,369.9
gsm8k:bfaa6fc5,gsm8k,strong,small,0.69,0.31,0.0,0.53,297.0,strong,small,2008.1,strong,422.3
gsm8k:d1a44099,gsm8k,strong,small,0.77,0.23,0.0,0.66,291.1,small,small,1539.5,strong,501.3
dolly/creative_writing:f78a2717,dolly/creative_writing,small,small,0.98,0.02,0.0,0.97,290.6,small,small,1749.9,strong,727.2
dolly/brainstorming:d868950b,dolly/brainstorming,small,strong,0.2,0.8,0.0,0.7,291.1,strong,strong,1808.2,strong,622.4
gsm8k:d5208707,gsm8k,strong,strong,0.19,0.81,0.0,0.71,265.6,strong,strong,1044.4,strong,366.0
mbpp:111,mbpp,code,code,0.0,0.0,1.0,1.0,374.4,code,code,1215.9,code,567.6
dolly/open_qa:20fb1a4c,dolly/open_qa,small,small,1.0,0.0,0.0,1.0,285.9,small,small,680.1,strong,462.9
dolly/brainstorming:13eaa3a5,dolly/brainstorming,small,small,0.99,0.01,0.0,0.99,245.3,small,small,1183.1,strong,480.7
gsm8k:8e9ecfc0,gsm8k,strong,strong,0.39,0.61,0.0,0.41,270.8,strong,strong,1174.0,strong,637.4
gsm8k:91b13707,gsm8k,strong,small,0.73,0.27,0.0,0.59,318.4,strong,small,853.7,strong,404.6
dolly/summarization:329cbe72,dolly/summarization,small,small,1.0,0.0,0.0,1.0,278.2,small,small,928.4,strong,430.3
dolly/creative_writing:34cd9648,dolly/creative_writing,small,small,0.98,0.02,0.0,0.98,258.6,small,small,1224.0,strong,392.4
dolly/open_qa:76bd20ec,dolly/open_qa,small,small,1.0,0.0,0.0,1.0,285.4,small,small,1766.3,small,406.0
mbpp:404,mbpp,code,code,0.03,0.0,0.97,0.95,273.3,code,code,1294.7,small,396.9
dolly/classification:a43fa179,dolly/classification,small,small,1.0,0.0,0.0,1.0,282.9,small,small,1335.3,strong,386.1
dolly/creative_writing:fdc09fc7,dolly/creative_writing,small,small,1.0,0.0,0.0,1.0,261.1,small,small,1156.6,code,609.8
mbpp:398,mbpp,code,code,0.01,0.0,0.99,0.99,264.1,code,code,1262.9,code,407.5
dolly/classification:30cd562c,dolly/classification,small,small,1.0,0.0,0.0,1.0,324.2,small,small,1079.2,strong,420.5
mbpp:267,mbpp,code,code,0.0,0.0,1.0,0.99,250.3,code,code,774.9,strong,364.9
dolly/open_qa:6853d277,dolly/open_qa,small,small,1.0,0.0,0.0,1.0,267.5,small,small,1613.7,strong,359.5
mmlu/abstract_algebra:eedd53ba,mmlu/abstract_algebra,strong,strong,0.28,0.71,0.01,0.57,287.5,strong,small,1198.1,strong,515.5
gsm8k:c1df56a6,gsm8k,strong,strong,0.43,0.57,0.0,0.36,260.3,strong,strong,1825.1,strong,511.7
dolly/creative_writing:7281a656,dolly/creative_writing,small,small,0.98,0.02,0.0,0.97,268.7,small,small,1823.3,code,439.8
humaneval:HumanEval/111,humaneval,code,code,0.0,0.0,1.0,0.99,307.1,code,code,1431.3,code,417.0
mbpp:239,mbpp,code,code,0.0,0.0,1.0,0.99,295.3,code,code,1812.5,strong,627.5
dolly/summarization:b0e103bd,dolly/summarization,small,small,1.0,0.0,0.0,1.0,297.7,small,small,2046.6,code,631.1
mbpp:393,mbpp,code,code,0.01,0.0,0.99,0.99,256.0,code,code,1781.8,code,422.8
dolly/brainstorming:fef973de,dolly/brainstorming,small,small,1.0,0.0,0.0,1.0,279.6,small,small,1458.5,code,490.7
dolly/general_qa:4bfd1764,dolly/general_qa,small,small,0.68,0.32,0.0,0.52,274.4,strong,small,1361.1,strong,354.3
dolly/classification:1680439b,dolly/classification,small,small,1.0,0.0,0.0,1.0,274.3,small,small,1670.4,small,488.2
humaneval:HumanEval/26,humaneval,code,code,0.01,0.0,0.99,0.99,243.6,code,code,1641.5,small,562.3
mmlu/college_physics:800e4532,mmlu/college_physics,strong,small,0.61,0.39,0.0,0.42,296.2,strong,small,1677.5,strong,533.2
mbpp:280,mbpp,code,code,0.01,0.0,0.99,0.99,297.3,code,code,1280.6,code,377.8
mbpp:132,mbpp,code,code,0.01,0.0,0.99,0.98,263.9,code,code,1628.1,code,494.2
dolly/open_qa:39581cbf,dolly/open_qa,small,small,1.0,0.0,0.0,1.0,258.2,small,small,1292.7,small,470.0
dolly/brainstorming:34501cc7,dolly/brainstorming,small,small,1.0,0.0,0.0,1.0,285.1,small,small,1636.3,small,403.7
dolly/classification:eb98fc1b,dolly/classification,small,small,1.0,0.0,0.0,1.0,271.6,small,small,1489.5,small,513.9
dolly/classification:13f13115,dolly/classification,small,small,1.0,0.0,0.0,1.0,288.9,small,small,1190.8,strong,531.7
dolly/open_qa:79c65012,dolly/open_qa,small,small,1.0,0.0,0.0,1.0,311.8,small,small,1272.0,strong,407.6
dolly/general_qa:58cd9c65,dolly/general_qa,small,small,0.97,0.03,0.0,0.95,283.9,small,small,1367.6,small,723.0
gsm8k:ef52c92e,gsm8k,strong,strong,0.34,0.66,0.0,0.49,297.1,strong,strong,1557.8,small,730.8
mmlu/professional_law:4cecf750,mmlu/professional_law,strong,strong,0.1,0.9,0.0,0.85,274.6,strong,strong,1737.4,strong,307.6
mmlu/college_mathematics:f8a256b6,mmlu/college_mathematics,strong,strong,0.28,0.72,0.0,0.57,253.1,strong,small,1462.6,strong,360.7
mmlu/college_physics:cbf7adda,mmlu/college_physics,strong,strong,0.24,0.76,0.0,0.64,283.6,strong,small,1845.3,strong,367.0
mmlu/college_physics:5aa74fa5,mmlu/college_physics,strong,small,0.99,0.01,0.0,0.99,291.2,small,small,1316.9,strong,500.9
gsm8k:8862fa78,gsm8k,strong,small,0.67,0.33,0.0,0.51,264.1,strong,small,1292.9,strong,710.8
mbpp:164,mbpp,code,code,0.0,0.0,1.0,1.0,289.7,code,code,1572.6,code,386.7
dolly/general_qa:e50368f2,dolly/general_qa,small,small,0.94,0.06,0.0,0.91,253.4,small,small,1780.7,strong,533.5
humaneval:HumanEval/118,humaneval,code,code,0.0,0.0,1.0,1.0,295.3,code,code,1761.1,strong,419.4
gsm8k:af9bef9a,gsm8k,strong,small,0.96,0.04,0.0,0.95,289.6,small,small,1281.5,strong,432.4
mmlu/professional_law:cdc30a2a,mmlu/professional_law,strong,strong,0.02,0.98,0.0,0.97,269.1,strong,strong,1783.5,strong,433.4
dolly/brainstorming:e686d80c,dolly/brainstorming,small,small,1.0,0.0,0.0,1.0,295.3,small,small,1364.8,small,503.9
dolly/open_qa:c466eef5,dolly/open_qa,small,small,0.96,0.04,0.0,0.93,250.8,small,small,1442.7,small,429.3
humaneval:HumanEval/147,humaneval,code,code,0.0,0.0,1.0,1.0,282.7,code,code,1258.1,strong,350.6
dolly/general_qa:1b03aae6,dolly/general_qa,small,small,1.0,0.0,0.0,0.99,289.9,small,small,1444.1,strong,378.7
humaneval:HumanEval/93,humaneval,code,code,0.01,0.0,0.99,0.99,264.4,code,code,1328.6,code,256.2
dolly/open_qa:c53d9106,dolly/open_qa,small,small,1.0,0.0,0.0,1.0,292.4,small,small,1105.1,strong,431.5
humaneval:HumanEval/2,humaneval,code,code,0.02,0.0,0.98,0.97,283.2,code,code,1715.7,small,655.2
mbpp:118,mbpp,code,code,0.02,0.0,0.98,0.97,275.8,code,code,1226.7,code,366.1
gsm8k:d2a797b4,gsm8k,strong,strong,0.48,0.52,0.0,0.27,278.8,strong,small,2538.6,code,437.2
mmlu/abstract_algebra:2a2ffb7e,mmlu/abstract_algebra,strong,small,0.82,0.18,0.0,0.73,274.1,small,small,1234.2,strong,417.4
gsm8k:db23d31a,gsm8k,strong,strong,0.42,0.58,0.0,0.37,306.9,strong,strong,1257.5,strong,365.9
humaneval:HumanEval/95,humaneval,code,code,0.01,0.0,0.99,0.99,292.0,code,code,2082.9,strong,379.2
mmlu/college_physics:98b1f788,mmlu/college_physics,strong,small,0.96,0.04,0.0,0.94,269.1,small,small,1548.1,strong,425.1
mbpp:57,mbpp,code,code,0.0,0.0,1.0,0.99,297.8,code,code,1305.9,strong,640.1
mbpp:138,mbpp,code,code,0.0,0.0,1.0,0.99,254.2,code,code,1593.0,strong,395.5
dolly/brainstorming:4563844b,dolly/brainstorming,small,small,1.0,0.0,0.0,1.0,313.6,small,small,1658.2,code,258.7
dolly/general_qa:6c14e21d,dolly/general_qa,small,small,0.99,0.01,0.0,0.98,292.5,small,small,1381.8,small,435.0
dolly/classification:9bb69586,dolly/classification,small,small,1.0,0.0,0.0,1.0,301.7,small,small,1563.2,code,452.6
dolly/summarization:ec5c9803,dolly/summarization,small,small,1.0,0.0,0.0,1.0,273.9,small,small,1570.2,strong,521.0
gsm8k:543644d7,gsm8k,strong,small,0.75,0.25,0.0,0.62,281.4,small,small,2200.5,small,359.2
gsm8k:78265c30,gsm8k,strong,strong,0.46,0.54,0.0,0.32,272.6,strong,small,1964.8,strong,519.1
dolly/general_qa:db9a0b0a,dolly/general_qa,small,small,1.0,0.0,0.0,1.0,250.3,small,small,1716.9,code,626.3
humaneval:HumanEval/57,humaneval,code,code,0.01,0.0,0.99,0.98,255.7,code,code,1853.4,strong,425.4
dolly/classification:ab787562,dolly/classification,small,small,1.0,0.0,0.0,1.0,260.2,small,small,1407.0,small,357.8
humaneval:HumanEval/36,humaneval,code,code,0.0,0.0,1.0,0.99,258.6,code,code,1714.6,strong,396.6
mmlu/formal_logic:6220ea17,mmlu/formal_logic,strong,strong,0.18,0.8200000000000001,0.0,0.72,274.6,strong,strong,1557.6,strong,509.4
gsm8k:afd80ed0,gsm8k,strong,strong,0.35,0.65,0.0,0.48,272.6,strong,small,1703.9,strong,474.0
mbpp:69,mbpp,code,code,0.0,0.0,1.0,0.99,278.3,code,code,1633.8,code,641.8
dolly/brainstorming:49a5cdb4,dolly/brainstorming,small,small,1.0,0.0,0.0,1.0,270.5,small,small,1443.3,code,441.1
mbpp:312,mbpp,code,code,0.01,0.0,0.99,0.99,267.0,code,code,1573.1,code,511.1
mmlu/formal_logic:277f8fbf,mmlu/formal_logic,strong,small,0.92,0.08,0.0,0.88,247.7,small,small,1118.5,strong,523.0
mbpp:247,mbpp,code,code,0.0,0.0,1.0,1.0,370.8,code,code,923.6,code,478.7
mmlu/formal_logic:1b2e3955,mmlu/formal_logic,strong,strong,0.25,0.75,0.0,0.62,288.2,strong,strong,833.8,strong,559.9
mbpp:301,mbpp,code,code,0.0,0.0,1.0,0.99,311.2,code,code,948.0,code,430.3
mbpp:235,mbpp,code,code,0.0,0.0,1.0,1.0,255.7,code,code,1590.2,code,726.7
dolly/brainstorming:ffc08ca9,dolly/brainstorming,small,small,1.0,0.0,0.0,1.0,296.6,small,small,1032.7,code,777.8
humaneval:HumanEval/6,humaneval,code,code,0.0,0.0,1.0,1.0,273.3,code,code,1379.9,strong,378.0
gsm8k:89a1a40c,gsm8k,strong,strong,0.34,0.66,0.0,0.48,252.2,strong,strong,1050.6,strong,424.5
mmlu/abstract_algebra:b974ac5d,mmlu/abstract_algebra,strong,small,0.83,0.17,0.0,0.74,255.6,small,small,1557.1,strong,434.3
humaneval:HumanEval/114,humaneval,code,code,0.0,0.0,1.0,1.0,317.3,code,code,1489.5,small,405.9
gsm8k:04b46cc7,gsm8k,strong,strong,0.34,0.66,0.0,0.48,251.2,strong,strong,1711.9,strong,406.1
gsm8k:725de3e7,gsm8k,strong,small,0.72,0.28,0.0,0.58,271.9,strong,small,1664.4,code,420.3
dolly/summarization:d5fb812f,dolly/summarization,small,small,1.0,0.0,0.0,1.0,293.7,small,small,1315.8,code,401.4
humaneval:HumanEval/21,humaneval,code,code,0.01,0.0,0.99,0.98,289.7,code,code,928.9,strong,375.1
humaneval:HumanEval/125,humaneval,code,code,0.0,0.0,1.0,1.0,302.4,code,code,1821.8,code,467.4
gsm8k:c8d75bb0,gsm8k,strong,strong,0.34,0.66,0.0,0.49,272.8,strong,strong,1843.6,strong,396.2
dolly/classification:9dc71f4d,dolly/classification,small,small,1.0,0.0,0.0,1.0,292.8,small,small,1250.4,strong,550.3
humaneval:HumanEval/68,humaneval,code,code,0.0,0.0,1.0,0.99,259.7,code,code,1394.5,small,588.6
dolly/classification:186b74c2,dolly/classification,small,small,1.0,0.0,0.0,1.0,260.1,small,small,1662.7,strong,542.6
mbpp:20,mbpp,code,code,0.03,0.0,0.97,0.96,281.9,code,code,1384.8,strong,260.3
mbpp:90,mbpp,code,code,0.02,0.0,0.98,0.97,282.0,code,code,1311.8,strong,409.0
humaneval:HumanEval/16,humaneval,code,code,0.01,0.0,0.99,0.98,277.0,code,code,1200.5,code,433.5
mmlu/college_physics:dce34c37,mmlu/college_physics,strong,small,0.65,0.35,0.0,0.47,412.4,strong,small,1225.7,small,806.3
dolly/brainstorming:1a01002c,dolly/brainstorming,small,small,0.97,0.03,0.0,0.96,264.4,small,small,1872.9,strong,525.3
mmlu/abstract_algebra:4ff57d70,mmlu/abstract_algebra,strong,strong,0.44,0.56,0.0,0.34,254.0,strong,small,1494.8,strong,460.6
mbpp:167,mbpp,code,code,0.01,0.0,0.99,0.99,262.0,code,code,1734.1,code,365.3
mmlu/formal_logic:1dce48be,mmlu/formal_logic,strong,small,0.92,0.08,0.0,0.87,293.1,small,small,1162.4,strong,598.7
humaneval:HumanEval/163,humaneval,code,code,0.01,0.0,0.99,0.99,271.8,code,code,1660.3,strong,426.7
mmlu/college_mathematics:bf904b72,mmlu/college_mathematics,strong,strong,0.03,0.97,0.0,0.95,291.6,strong,strong,2846.4,strong,470.7
mbpp:170,mbpp,code,code,0.01,0.0,0.99,0.99,268.4,code,code,1586.7,code,426.0
humaneval:HumanEval/109,humaneval,code,code,0.0,0.0,1.0,1.0,251.5,code,code,1742.4,strong,448.2
humaneval:HumanEval/32,humaneval,code,code,0.0,0.0,1.0,0.99,290.4,code,code,1420.3,strong,405.1
mbpp:120,mbpp,code,code,0.0,0.0,1.0,1.0,255.1,code,code,1307.9,strong,415.2
dolly/open_qa:c75f003f,dolly/open_qa,small,small,0.99,0.01,0.0,0.99,274.9,small,small,1191.4,small,370.0
mmlu/college_physics:c9262b7e,mmlu/college_physics,strong,small,0.57,0.43,0.0,0.35,266.8,strong,small,1173.9,strong,428.2
gsm8k:28e6061b,gsm8k,strong,small,0.52,0.48,0.0,0.27,302.7,strong,small,1733.8,strong,387.6
humaneval:HumanEval/43,humaneval,code,code,0.0,0.0,1.0,1.0,276.4,code,code,1145.5,strong,438.7
mmlu/college_physics:3afa168a,mmlu/college_physics,strong,strong,0.44,0.56,0.0,0.33,265.9,strong,small,1754.3,strong,442.8
dolly/classification:2eed1e44,dolly/classification,small,small,1.0,0.0,0.0,1.0,256.8,small,small,1128.4,code,430.2
gsm8k:48d0e2b9,gsm8k,strong,small,0.64,0.36,0.0,0.46,270.4,strong,small,1550.1,small,506.2
mmlu/professional_law:ac198d05,mmlu/professional_law,strong,strong,0.02,0.98,0.0,0.96,309.2,strong,strong,875.4,strong,523.6
dolly/creative_writing:6b5d34db,dolly/creative_writing,small,small,0.93,0.07,0.0,0.89,290.4,small,small,1388.2,code,431.4
mmlu/college_physics:499951b1,mmlu/college_physics,strong,strong,0.25,0.75,0.0,0.62,285.5,strong,strong,1347.1,strong,407.5
dolly/open_qa:c74efaf9,dolly/open_qa,small,small,0.92,0.08,0.0,0.88,293.6,small,small,1931.6,code,371.9
dolly/creative_writing:c14d07bc,dolly/creative_writing,small,small,0.83,0.17,0.0,0.75,288.0,small,small,1539.5,code,438.2
gsm8k:044dddfd,gsm8k,strong,strong,0.33,0.67,0.0,0.51,292.3,strong,small,1286.4,code,586.4
dolly/brainstorming:76e41707,dolly/brainstorming,small,small,0.96,0.04,0.0,0.93,266.6,small,small,1252.1,small,400.9
mbpp:390,mbpp,code,code,0.01,0.0,0.99,0.99,293.2,code,code,1738.0,code,426.1
dolly/summarization:260954bf,dolly/summarization,small,small,1.0,0.0,0.0,1.0,302.9,small,small,1649.8,code,562.8
humaneval:HumanEval/37,humaneval,code,code,0.01,0.0,0.99,0.99,257.7,code,code,1720.3,code,424.5
dolly/classification:56d51188,dolly/classification,small,small,1.0,0.0,0.0,1.0,278.9,small,small,1343.7,code,511.8
mbpp:98,mbpp,code,code,0.01,0.0,0.99,0.99,274.0,code,code,4158.6,code,361.8
mmlu/abstract_algebra:723a0d22,mmlu/abstract_algebra,strong,small,0.69,0.31,0.0,0.53,271.1,strong,small,1662.1,strong,467.9
gsm8k:a0eef4f2,gsm8k,strong,strong,0.43,0.5700000000000001,0.0,0.35,266.2,strong,strong,1286.0,small,461.5
dolly/summarization:69314694,dolly/summarization,small,small,1.0,0.0,0.0,1.0,466.1,small,small,1377.5,code,409.1
dolly/open_qa:3b01c353,dolly/open_qa,small,small,1.0,0.0,0.0,1.0,277.7,small,small,1382.1,small,398.7
dolly/brainstorming:d874ced8,dolly/brainstorming,small,small,1.0,0.0,0.0,1.0,355.2,small,small,1528.0,small,526.4
gsm8k:8ac51719,gsm8k,strong,small,0.62,0.38,0.0,0.44,275.2,strong,small,1641.2,strong,518.5
mbpp:414,mbpp,code,code,0.01,0.0,0.99,0.98,298.2,code,code,1779.0,code,367.9
mbpp:135,mbpp,code,code,0.01,0.0,0.99,0.99,275.9,code,code,1274.9,code,431.8
mbpp:388,mbpp,code,code,0.01,0.0,0.99,0.99,290.2,code,code,1731.4,code,2022.6
humaneval:HumanEval/84,humaneval,code,code,0.0,0.0,1.0,0.99,257.5,code,code,1755.5,code,1700.0
dolly/creative_writing:ccbc86da,dolly/creative_writing,small,small,1.0,0.0,0.0,1.0,276.0,small,small,1159.1,small,491.5
mbpp:172,mbpp,code,code,0.01,0.0,0.99,0.98,266.1,code,code,1203.1,code,1491.5
dolly/creative_writing:30552f38,dolly/creative_writing,small,small,1.0,0.0,0.0,1.0,258.6,small,small,1566.6,small,1443.5
dolly/open_qa:9d8b1469,dolly/open_qa,small,small,1.0,0.0,0.0,1.0,304.8,small,small,1225.8,strong,1323.2
dolly/open_qa:44978504,dolly/open_qa,small,small,1.0,0.0,0.0,1.0,317.8,small,small,1229.8,strong,799.1
dolly/creative_writing:52eb9509,dolly/creative_writing,small,small,0.99,0.01,0.0,0.99,307.9,small,small,1366.1,code,1541.3
gsm8k:b2957718,gsm8k,strong,small,0.5,0.5,0.0,0.25,298.5,strong,strong,1314.9,strong,973.1
dolly/open_qa:3313967c,dolly/open_qa,small,small,1.0,0.0,0.0,1.0,271.2,small,small,1561.0,code,964.6
mmlu/professional_law:eacc1e3f,mmlu/professional_law,strong,strong,0.06,0.94,0.0,0.91,285.5,strong,strong,1291.1,strong,700.8
dolly/general_qa:f9f7127a,dolly/general_qa,small,small,1.0,0.0,0.0,1.0,269.3,small,small,1571.0,small,425.9
dolly/brainstorming:ccc8ab71,dolly/brainstorming,small,small,1.0,0.0,0.0,1.0,324.0,small,small,959.2,code,639.1
humaneval:HumanEval/102,humaneval,code,code,0.01,0.0,0.99,0.99,263.8,code,code,1127.5,strong,387.9
dolly/open_qa:0fd8a008,dolly/open_qa,small,small,0.99,0.01,0.0,0.99,264.1,small,small,1069.5,strong,447.0
dolly/general_qa:3225b3ec,dolly/general_qa,small,small,1.0,0.0,0.0,1.0,314.3,small,small,1285.9,small,560.4
humaneval:HumanEval/11,humaneval,code,code,0.01,0.0,0.99,0.99,264.6,code,code,1711.7,code,482.7
mbpp:268,mbpp,code,code,0.0,0.0,1.0,0.99,287.4,code,code,1120.9,code,541.7
dolly/summarization:0f770153,dolly/summarization,small,small,1.0,0.0,0.0,1.0,268.1,small,small,1221.0,strong,432.4
dolly/classification:e3e4f1df,dolly/classification,small,small,1.0,0.0,0.0,1.0,262.7,small,small,1363.4,code,425.1
