id,label,pred,p_small,p_strong,p_code,conf,ms
mmlu/professional_law:5ed698a8,strong,strong,0.2133,0.7328,0.0539,0.7328,2465.0
mbpp:66,code,code,0.1689,0.0561,0.775,0.775,2191.1
dolly/open_qa:e07caa97,small,small,0.5656,0.4074,0.0271,0.5656,2202.4
gsm8k:11128b88,strong,strong,0.1707,0.7894,0.0399,0.7894,1958.0
gsm8k:7feb8f87,strong,strong,0.1164,0.8537,0.0299,0.8537,2172.5
humaneval:HumanEval/135,code,code,0.1247,0.0871,0.7882,0.7882,2289.7
humaneval:HumanEval/58,code,code,0.1153,0.0721,0.8126,0.8126,2404.8
dolly/open_qa:35824311,small,small,0.7803,0.1912,0.0284,0.7803,1826.8
mmlu/abstract_algebra:2094efa3,strong,strong,0.2898,0.6232,0.087,0.6232,2448.6
gsm8k:a1e97907,strong,strong,0.1002,0.886,0.0138,0.886,1953.4
mbpp:257,code,code,0.1479,0.0401,0.812,0.812,1825.1
gsm8k:eb5fcd08,strong,strong,0.0953,0.8828,0.0219,0.8828,2428.1
dolly/classification:4300dbbd,small,small,0.7786,0.2047,0.0167,0.7786,2053.8
dolly/creative_writing:00594496,small,small,0.7919,0.1896,0.0185,0.7919,1877.0
dolly/open_qa:6c782197,small,small,0.8349,0.1462,0.0189,0.8349,1794.4
gsm8k:e927f88c,strong,strong,0.2475,0.7274,0.0251,0.7274,1909.4
humaneval:HumanEval/151,code,code,0.1124,0.0703,0.8173,0.8173,2493.6
dolly/summarization:afa714c5,small,small,0.7336,0.2272,0.0392,0.7336,3478.5
dolly/brainstorming:28ba4aa6,small,small,0.7382,0.2341,0.0277,0.7382,1770.0
mmlu/abstract_algebra:4e36fa40,strong,strong,0.1996,0.7357,0.0648,0.7357,2185.7
dolly/brainstorming:b9279778,small,strong,0.1546,0.8103,0.0351,0.8103,1820.4
humaneval:HumanEval/155,code,code,0.1376,0.0583,0.8042,0.8042,2208.6
mbpp:238,code,code,0.1073,0.0616,0.8311,0.8311,1848.3
dolly/summarization:5101a822,small,small,0.8633,0.1159,0.0208,0.8633,2966.7
mbpp:99,code,code,0.1252,0.0713,0.8035,0.8035,1858.7
mmlu/formal_logic:efdb9587,strong,strong,0.2675,0.7129,0.0196,0.7129,2409.2
humaneval:HumanEval/134,code,code,0.1297,0.0632,0.8071,0.8071,2684.0
humaneval:HumanEval/97,code,code,0.1283,0.0731,0.7985,0.7985,2582.7
mmlu/college_mathematics:7744daee,strong,strong,0.0691,0.903,0.0279,0.903,2828.4
humaneval:HumanEval/63,code,code,0.1237,0.1009,0.7754,0.7754,2788.5
mbpp:227,code,code,0.134,0.0576,0.8083,0.8083,1998.9
mmlu/professional_law:cafe7ff8,strong,strong,0.1307,0.8458,0.0234,0.8458,3737.5
gsm8k:e73d9d6c,strong,strong,0.0611,0.9268,0.012,0.9268,2631.2
mmlu/college_mathematics:6988c3e1,strong,strong,0.2353,0.7024,0.0623,0.7024,2165.0
humaneval:HumanEval/64,code,code,0.0884,0.0459,0.8657,0.8657,2938.2
mmlu/professional_law:22e29154,strong,strong,0.1262,0.8558,0.018,0.8558,2894.4
mmlu/college_mathematics:fc4ba757,strong,strong,0.1527,0.8,0.0473,0.8,2314.5
dolly/open_qa:02feb48b,small,small,0.8845,0.0862,0.0293,0.8845,1995.9
gsm8k:23940556,strong,strong,0.0501,0.9383,0.0115,0.9383,2166.1
dolly/summarization:470d2444,small,small,0.8297,0.1553,0.015,0.8297,3089.1
mmlu/formal_logic:344c0afa,strong,strong,0.1551,0.819,0.0259,0.819,2651.7
gsm8k:92032ea7,strong,strong,0.1022,0.8826,0.0152,0.8826,2248.2
mmlu/formal_logic:c3a4924e,strong,strong,0.171,0.7662,0.0629,0.7662,2685.5
gsm8k:816b4455,strong,strong,0.0773,0.8991,0.0236,0.8991,2360.7
dolly/classification:493f18d2,small,small,0.7667,0.1939,0.0394,0.7667,2183.5
dolly/general_qa:fbd615ac,small,strong,0.3698,0.605,0.0252,0.605,2304.9
mmlu/college_mathematics:f17bfec9,strong,strong,0.2489,0.6457,0.1054,0.6457,2358.9
dolly/open_qa:844371b7,small,small,0.8404,0.1249,0.0347,0.8404,2006.1
humaneval:HumanEval/156,code,code,0.1207,0.0612,0.8182,0.8182,2590.1
humaneval:HumanEval/121,code,code,0.1313,0.0708,0.7979,0.7979,2850.4
mmlu/formal_logic:39a65528,strong,strong,0.3876,0.5298,0.0825,0.5298,2348.1
mbpp:284,code,code,0.1436,0.0618,0.7947,0.7947,2164.1
humaneval:HumanEval/29,code,code,0.1222,0.049,0.8288,0.8288,2484.6
mmlu/abstract_algebra:eea0a4cd,strong,strong,0.1685,0.7793,0.0522,0.7793,2526.3
mbpp:94,code,code,0.1335,0.0737,0.7927,0.7927,2036.4
humaneval:HumanEval/160,code,code,0.1334,0.1106,0.7559,0.7559,3406.7
mmlu/college_mathematics:45dbd181,strong,strong,0.1938,0.7605,0.0457,0.7605,2836.4
mbpp:392,code,code,0.0896,0.0868,0.8236,0.8236,2209.4
mmlu/college_mathematics:c45d094c,strong,strong,0.244,0.6633,0.0926,0.6633,2671.5
dolly/classification:6be9d9c2,small,small,0.8534,0.1085,0.0381,0.8534,2226.2
gsm8k:2687345f,strong,strong,0.1009,0.8851,0.0141,0.8851,2352.2
gsm8k:4539f070,strong,strong,0.0996,0.8808,0.0196,0.8808,2274.7
gsm8k:c03c6e45,strong,strong,0.1147,0.8605,0.0248,0.8605,2505.7
humaneval:HumanEval/78,code,code,0.1777,0.1028,0.7195,0.7195,4075.2
gsm8k:1c7c4606,strong,strong,0.1049,0.865,0.0301,0.865,2490.7
humaneval:HumanEval/88,code,code,0.1323,0.076,0.7917,0.7917,3552.8
dolly/brainstorming:898e4f75,small,strong,0.3431,0.6411,0.0158,0.6411,2126.7
dolly/general_qa:c7255ee2,small,small,0.6251,0.3603,0.0146,0.6251,2225.2
humaneval:HumanEval/129,code,code,0.1849,0.232,0.5831,0.5831,4620.2
mbpp:126,code,code,0.1235,0.0962,0.7804,0.7804,2098.7
dolly/open_qa:9062ba6d,small,small,0.8304,0.1536,0.0159,0.8304,2270.2
humaneval:HumanEval/83,code,code,0.1264,0.1573,0.7162,0.7162,2280.6
gsm8k:8baa8980,strong,strong,0.0628,0.9221,0.0151,0.9221,2447.9
mbpp:391,code,code,0.088,0.0573,0.8547,0.8547,2193.7
mbpp:83,code,code,0.1381,0.0549,0.807,0.807,2161.6
gsm8k:11d38dc6,strong,strong,0.1218,0.8586,0.0196,0.8586,2528.3
mmlu/professional_law:cbe6ce5c,strong,strong,0.1872,0.7406,0.0722,0.7406,4707.1
gsm8k:c692fde8,strong,strong,0.0563,0.9303,0.0134,0.9303,2431.6
humaneval:HumanEval/107,code,code,0.1641,0.1173,0.7186,0.7186,4545.8
gsm8k:bfaa6fc5,strong,strong,0.2771,0.6965,0.0264,0.6965,3081.6
gsm8k:d1a44099,strong,strong,0.3881,0.5872,0.0246,0.5872,2297.9
dolly/creative_writing:f78a2717,small,small,0.634,0.3529,0.0132,0.634,2836.7
dolly/brainstorming:d868950b,small,strong,0.2549,0.7205,0.0247,0.7205,2222.3
gsm8k:d5208707,strong,strong,0.0779,0.9055,0.0166,0.9055,2221.0
mbpp:111,code,code,0.1126,0.0744,0.8129,0.8129,2050.2
dolly/open_qa:20fb1a4c,small,small,0.6945,0.2873,0.0182,0.6945,2475.0
dolly/brainstorming:13eaa3a5,small,small,0.6785,0.3094,0.0121,0.6785,2065.6
gsm8k:8e9ecfc0,strong,strong,0.0556,0.9334,0.011,0.9334,2132.4
gsm8k:91b13707,strong,strong,0.1968,0.7721,0.0311,0.7721,2157.0
dolly/summarization:329cbe72,small,small,0.8357,0.1452,0.019,0.8357,3737.0
dolly/creative_writing:34cd9648,small,strong,0.3348,0.6505,0.0147,0.6505,1907.8
dolly/open_qa:76bd20ec,small,small,0.8757,0.0998,0.0245,0.8757,2127.6
mbpp:404,code,code,0.1338,0.0463,0.8199,0.8199,2123.4
dolly/classification:a43fa179,small,small,0.8015,0.1641,0.0344,0.8015,2005.0
dolly/creative_writing:fdc09fc7,small,strong,0.4361,0.5343,0.0297,0.5343,1930.2
mbpp:398,code,code,0.0984,0.0511,0.8505,0.8505,2111.6
dolly/classification:30cd562c,small,small,0.8238,0.1293,0.0468,0.8238,2156.5
mbpp:267,code,code,0.1283,0.0731,0.7985,0.7985,2070.3
dolly/open_qa:6853d277,small,small,0.808,0.1803,0.0117,0.808,2050.5
mmlu/abstract_algebra:eedd53ba,strong,strong,0.17,0.7619,0.0681,0.7619,2496.3
gsm8k:c1df56a6,strong,strong,0.0845,0.8942,0.0214,0.8942,2163.2
dolly/creative_writing:7281a656,small,small,0.6696,0.3042,0.0262,0.6696,2120.1
humaneval:HumanEval/111,code,code,0.1012,0.0643,0.8344,0.8344,3106.8
mbpp:239,code,code,0.1198,0.1637,0.7166,0.7166,2207.9
dolly/summarization:b0e103bd,small,small,0.8787,0.0926,0.0287,0.8787,3089.8
mbpp:393,code,code,0.0982,0.0665,0.8353,0.8353,2800.8
dolly/brainstorming:fef973de,small,small,0.783,0.1889,0.0281,0.783,1934.8
dolly/general_qa:4bfd1764,small,strong,0.3698,0.6098,0.0204,0.6098,2120.0
dolly/classification:1680439b,small,small,0.8175,0.1443,0.0382,0.8175,2400.4
humaneval:HumanEval/26,code,code,0.1347,0.0656,0.7997,0.7997,2243.9
mmlu/college_physics:800e4532,strong,strong,0.1321,0.848,0.0199,0.848,2432.3
mbpp:280,code,code,0.0932,0.0499,0.8569,0.8569,2184.3
mbpp:132,code,code,0.1305,0.0511,0.8184,0.8184,2767.7
dolly/open_qa:39581cbf,small,small,0.6497,0.3358,0.0145,0.6497,2873.8
dolly/brainstorming:34501cc7,small,small,0.7554,0.2216,0.023,0.7554,1977.4
dolly/classification:eb98fc1b,small,small,0.8318,0.1423,0.0259,0.8318,2055.1
dolly/classification:13f13115,small,small,0.8642,0.1048,0.031,0.8642,2184.6
dolly/open_qa:79c65012,small,small,0.8584,0.1189,0.0227,0.8584,1867.3
dolly/general_qa:58cd9c65,small,small,0.4994,0.484,0.0166,0.4994,2142.6
gsm8k:ef52c92e,strong,strong,0.1521,0.816,0.0319,0.816,2480.0
mmlu/professional_law:4cecf750,strong,strong,0.1226,0.8574,0.02,0.8574,3926.9
mmlu/college_mathematics:f8a256b6,strong,strong,0.1857,0.7344,0.0799,0.7344,2554.8
mmlu/college_physics:cbf7adda,strong,strong,0.0747,0.9032,0.0221,0.9032,2916.8
mmlu/college_physics:5aa74fa5,strong,strong,0.2776,0.6871,0.0353,0.6871,2378.9
gsm8k:8862fa78,strong,strong,0.2542,0.7184,0.0274,0.7184,2152.0
mbpp:164,code,code,0.0929,0.0659,0.8412,0.8412,2187.7
dolly/general_qa:e50368f2,small,strong,0.3425,0.6251,0.0324,0.6251,2121.3
humaneval:HumanEval/118,code,code,0.1357,0.0773,0.787,0.787,2832.9
gsm8k:af9bef9a,strong,strong,0.3145,0.6607,0.0248,0.6607,2170.6
mmlu/professional_law:cdc30a2a,strong,strong,0.0914,0.8952,0.0134,0.8952,4544.9
dolly/brainstorming:e686d80c,small,small,0.6159,0.3593,0.0248,0.6159,2074.9
dolly/open_qa:c466eef5,small,small,0.541,0.4247,0.0343,0.541,2276.5
humaneval:HumanEval/147,code,code,0.1175,0.1166,0.766,0.766,3085.7
dolly/general_qa:1b03aae6,small,small,0.5689,0.4195,0.0115,0.5689,1944.8
humaneval:HumanEval/93,code,code,0.1217,0.0593,0.8189,0.8189,2568.5
dolly/open_qa:c53d9106,small,small,0.8098,0.1684,0.0218,0.8098,2239.7
humaneval:HumanEval/2,code,code,0.142,0.0601,0.7979,0.7979,2270.6
mbpp:118,code,code,0.1384,0.046,0.8156,0.8156,2111.3
gsm8k:d2a797b4,strong,strong,0.0693,0.9126,0.0181,0.9126,2893.7
mmlu/abstract_algebra:2a2ffb7e,strong,strong,0.3744,0.528,0.0977,0.528,2171.1
gsm8k:db23d31a,strong,strong,0.078,0.9071,0.0149,0.9071,2782.1
humaneval:HumanEval/95,code,code,0.1266,0.0672,0.8062,0.8062,4483.6
mmlu/college_physics:98b1f788,strong,strong,0.2895,0.5758,0.1346,0.5758,2315.4
mbpp:57,code,code,0.1177,0.0778,0.8045,0.8045,2071.4
mbpp:138,code,code,0.1107,0.0715,0.8179,0.8179,2157.8
dolly/brainstorming:4563844b,small,small,0.7672,0.2001,0.0327,0.7672,1972.6
dolly/general_qa:6c14e21d,small,small,0.5064,0.4757,0.0179,0.5064,2071.7
dolly/classification:9bb69586,small,small,0.7546,0.2196,0.0258,0.7546,2021.3
dolly/summarization:ec5c9803,small,small,0.7877,0.1813,0.031,0.7877,3630.5
gsm8k:543644d7,strong,strong,0.1953,0.7604,0.0443,0.7604,2174.0
gsm8k:78265c30,strong,strong,0.09,0.8948,0.0152,0.8948,2368.9
dolly/general_qa:db9a0b0a,small,small,0.582,0.4,0.018,0.582,2408.1
humaneval:HumanEval/57,code,code,0.1263,0.0692,0.8045,0.8045,2491.5
dolly/classification:ab787562,small,small,0.7948,0.1719,0.0333,0.7948,2055.3
humaneval:HumanEval/36,code,code,0.1193,0.084,0.7967,0.7967,2452.3
mmlu/formal_logic:6220ea17,strong,strong,0.1595,0.8099,0.0307,0.8099,2712.8
gsm8k:afd80ed0,strong,strong,0.2054,0.7633,0.0313,0.7633,2372.8
mbpp:69,code,code,0.0932,0.0499,0.8569,0.8569,2423.8
dolly/brainstorming:49a5cdb4,small,small,0.8449,0.139,0.0161,0.8449,2059.4
mbpp:312,code,code,0.1197,0.0876,0.7927,0.7927,2895.0
mmlu/formal_logic:277f8fbf,strong,strong,0.318,0.5494,0.1326,0.5494,2277.4
mbpp:247,code,code,0.0797,0.064,0.8563,0.8563,2119.3
mmlu/formal_logic:1b2e3955,strong,strong,0.202,0.7743,0.0237,0.7743,2760.2
mbpp:301,code,code,0.0949,0.0594,0.8457,0.8457,2754.4
mbpp:235,code,code,0.1036,0.0555,0.8409,0.8409,2141.7
dolly/brainstorming:ffc08ca9,small,small,0.8017,0.1789,0.0195,0.8017,2804.2
humaneval:HumanEval/6,code,code,0.0997,0.0723,0.828,0.828,2603.5
gsm8k:89a1a40c,strong,strong,0.0672,0.92,0.0128,0.92,2256.6
mmlu/abstract_algebra:b974ac5d,strong,strong,0.2737,0.6415,0.0848,0.6415,2204.7
humaneval:HumanEval/114,code,code,0.1371,0.0921,0.7708,0.7708,2561.4
gsm8k:04b46cc7,strong,strong,0.079,0.8969,0.0241,0.8969,2582.5
gsm8k:725de3e7,strong,strong,0.1277,0.8521,0.0202,0.8521,2063.0
dolly/summarization:d5fb812f,small,small,0.8696,0.0953,0.0351,0.8696,2734.1
humaneval:HumanEval/21,code,code,0.1162,0.0642,0.8196,0.8196,2706.1
humaneval:HumanEval/125,code,code,0.1218,0.0589,0.8193,0.8193,2808.3
gsm8k:c8d75bb0,strong,strong,0.1036,0.8746,0.0217,0.8746,2402.5
dolly/classification:9dc71f4d,small,small,0.847,0.1155,0.0375,0.847,2159.3
humaneval:HumanEval/68,code,code,0.1109,0.0694,0.8197,0.8197,4141.6
dolly/classification:186b74c2,small,small,0.8693,0.103,0.0277,0.8693,2151.7
mbpp:20,code,code,0.1669,0.0852,0.7479,0.7479,2410.9
mbpp:90,code,code,0.1248,0.0489,0.8264,0.8264,2185.3
humaneval:HumanEval/16,code,code,0.132,0.0591,0.8089,0.8089,2546.3
mmlu/college_physics:dce34c37,strong,strong,0.1672,0.8037,0.0292,0.8037,3313.5
dolly/brainstorming:1a01002c,small,strong,0.3722,0.6064,0.0214,0.6064,2875.5
mmlu/abstract_algebra:4ff57d70,strong,strong,0.1696,0.754,0.0764,0.754,2603.7
mbpp:167,code,code,0.1004,0.0653,0.8342,0.8342,2160.3
mmlu/formal_logic:1dce48be,strong,strong,0.3009,0.5984,0.1008,0.5984,2348.0
humaneval:HumanEval/163,code,code,0.1098,0.0593,0.8309,0.8309,2674.8
mmlu/college_mathematics:bf904b72,strong,strong,0.0719,0.9036,0.0245,0.9036,2414.9
mbpp:170,code,code,0.1136,0.0533,0.8331,0.8331,1991.5
humaneval:HumanEval/109,code,code,0.134,0.1011,0.7649,0.7649,5515.6
humaneval:HumanEval/32,code,code,0.1922,0.1922,0.6156,0.6156,3469.1
mbpp:120,code,code,0.0871,0.0734,0.8395,0.8395,2145.7
dolly/open_qa:c75f003f,small,small,0.8065,0.1563,0.0371,0.8065,2105.5
mmlu/college_physics:c9262b7e,strong,strong,0.1182,0.8596,0.0222,0.8596,2369.2
gsm8k:28e6061b,strong,strong,0.0711,0.9153,0.0136,0.9153,2290.9
humaneval:HumanEval/43,code,code,0.109,0.0602,0.8308,0.8308,3003.7
mmlu/college_physics:3afa168a,strong,strong,0.1144,0.8387,0.0469,0.8387,2297.2
dolly/classification:2eed1e44,small,small,0.8451,0.1083,0.0466,0.8451,2052.8
gsm8k:48d0e2b9,strong,strong,0.1588,0.8127,0.0285,0.8127,2996.0
mmlu/professional_law:ac198d05,strong,strong,0.1882,0.7561,0.0556,0.7561,3624.1
dolly/creative_writing:6b5d34db,small,small,0.6708,0.3035,0.0257,0.6708,1989.5
mmlu/college_physics:499951b1,strong,strong,0.1085,0.8534,0.0381,0.8534,2944.9
dolly/open_qa:c74efaf9,small,small,0.5646,0.4098,0.0256,0.5646,2131.9
dolly/creative_writing:c14d07bc,small,strong,0.2982,0.6852,0.0166,0.6852,2054.4
gsm8k:044dddfd,strong,strong,0.1162,0.852,0.0318,0.852,2643.8
dolly/brainstorming:76e41707,small,strong,0.3646,0.5964,0.039,0.5964,2107.0
mbpp:390,code,code,0.1108,0.0515,0.8377,0.8377,2073.2
dolly/summarization:260954bf,small,small,0.8457,0.1059,0.0485,0.8457,2089.7
humaneval:HumanEval/37,code,code,0.1246,0.0631,0.8123,0.8123,2780.0
dolly/classification:56d51188,small,small,0.8028,0.1593,0.0378,0.8028,2241.8
mbpp:98,code,code,0.1214,0.062,0.8166,0.8166,1973.2
mmlu/abstract_algebra:723a0d22,strong,strong,0.1985,0.7493,0.0522,0.7493,2675.6
gsm8k:a0eef4f2,strong,strong,0.0751,0.9145,0.0105,0.9145,2265.0
dolly/summarization:69314694,small,small,0.868,0.107,0.025,0.868,2740.1
dolly/open_qa:3b01c353,small,small,0.8137,0.1653,0.021,0.8137,2141.9
dolly/brainstorming:d874ced8,small,small,0.7633,0.2103,0.0263,0.7633,2149.7
gsm8k:8ac51719,strong,strong,0.0974,0.8821,0.0204,0.8821,2255.0
mbpp:414,code,code,0.1319,0.0541,0.814,0.814,2106.0
mbpp:135,code,code,0.1404,0.1182,0.7414,0.7414,2901.7
mbpp:388,code,code,0.114,0.0697,0.8163,0.8163,2072.4
humaneval:HumanEval/84,code,code,0.1504,0.0919,0.7577,0.7577,3080.2
dolly/creative_writing:ccbc86da,small,small,0.7255,0.244,0.0305,0.7255,2212.8
mbpp:172,code,code,0.0997,0.0456,0.8546,0.8546,1994.9
dolly/creative_writing:30552f38,small,small,0.8444,0.1285,0.0271,0.8444,2965.3
dolly/open_qa:9d8b1469,small,strong,0.4228,0.5558,0.0214,0.5558,2075.0
dolly/open_qa:44978504,small,small,0.7571,0.2186,0.0243,0.7571,1998.2
dolly/creative_writing:52eb9509,small,small,0.7901,0.1899,0.02,0.7901,1973.6
gsm8k:b2957718,strong,strong,0.071,0.9141,0.0149,0.9141,2249.6
dolly/open_qa:3313967c,small,small,0.7952,0.1603,0.0445,0.7952,2017.6
mmlu/professional_law:eacc1e3f,strong,strong,0.1849,0.7427,0.0724,0.7427,3591.2
dolly/general_qa:f9f7127a,small,small,0.7722,0.1983,0.0295,0.7722,2203.8
dolly/brainstorming:ccc8ab71,small,small,0.8159,0.1557,0.0284,0.8159,2068.3
humaneval:HumanEval/102,code,code,0.1344,0.0861,0.7795,0.7795,2542.1
dolly/open_qa:0fd8a008,small,strong,0.3591,0.5266,0.1143,0.5266,2867.2
dolly/general_qa:3225b3ec,small,small,0.6912,0.2915,0.0173,0.6912,1916.1
humaneval:HumanEval/11,code,code,0.1232,0.0675,0.8094,0.8094,2471.3
mbpp:268,code,code,0.1342,0.1791,0.6867,0.6867,2097.0
dolly/summarization:0f770153,small,small,0.8417,0.1407,0.0176,0.8417,2097.2
dolly/classification:e3e4f1df,small,small,0.8786,0.0978,0.0236,0.8786,2252.0
